PRAGMA foreign_keys=OFF;
BEGIN TRANSACTION;
CREATE TABLE IF NOT EXISTS "django_migrations" ("id" integer NOT NULL PRIMARY KEY AUTOINCREMENT, "app" varchar(255) NOT NULL, "name" varchar(255) NOT NULL, "applied" datetime NOT NULL);
INSERT INTO django_migrations VALUES(1,'contenttypes','0001_initial','2024-03-15 11:55:51.635342');
INSERT INTO django_migrations VALUES(2,'contenttypes','0002_remove_content_type_name','2024-03-15 11:55:51.670322');
INSERT INTO django_migrations VALUES(3,'auth','0001_initial','2024-03-15 11:55:51.730284');
INSERT INTO django_migrations VALUES(4,'auth','0002_alter_permission_name_max_length','2024-03-15 11:55:51.771259');
INSERT INTO django_migrations VALUES(5,'auth','0003_alter_user_email_max_length','2024-03-15 11:55:51.800240');
INSERT INTO django_migrations VALUES(6,'auth','0004_alter_user_username_opts','2024-03-15 11:55:51.833219');
INSERT INTO django_migrations VALUES(7,'auth','0005_alter_user_last_login_null','2024-03-15 11:55:51.862202');
INSERT INTO django_migrations VALUES(8,'auth','0006_require_contenttypes_0002','2024-03-15 11:55:51.880191');
INSERT INTO django_migrations VALUES(9,'auth','0007_alter_validators_add_error_messages','2024-03-15 11:55:51.907174');
INSERT INTO django_migrations VALUES(10,'auth','0008_alter_user_username_max_length','2024-03-15 11:55:51.947150');
INSERT INTO django_migrations VALUES(11,'auth','0009_alter_user_last_name_max_length','2024-03-15 11:55:51.979129');
INSERT INTO django_migrations VALUES(12,'auth','0010_alter_group_name_max_length','2024-03-15 11:55:52.011110');
INSERT INTO django_migrations VALUES(13,'auth','0011_update_proxy_permissions','2024-03-15 11:55:52.029099');
INSERT INTO django_migrations VALUES(14,'auth','0012_alter_user_first_name_max_length','2024-03-15 11:55:52.060080');
INSERT INTO django_migrations VALUES(15,'accounts','0001_initial','2024-03-15 11:55:52.125039');
INSERT INTO django_migrations VALUES(16,'admin','0001_initial','2024-03-15 11:55:52.169012');
INSERT INTO django_migrations VALUES(17,'admin','0002_logentry_remove_auto_add','2024-03-15 11:55:52.229974');
INSERT INTO django_migrations VALUES(18,'admin','0003_logentry_add_action_flag_choices','2024-03-15 11:55:52.265952');
INSERT INTO django_migrations VALUES(19,'authtoken','0001_initial','2024-03-15 11:55:52.306926');
INSERT INTO django_migrations VALUES(20,'authtoken','0002_auto_20160226_1747','2024-03-15 11:55:52.393872');
INSERT INTO django_migrations VALUES(21,'authtoken','0003_tokenproxy','2024-03-15 11:55:52.411862');
INSERT INTO django_migrations VALUES(22,'savingsandloans','0001_initial','2024-03-15 11:55:52.911552');
INSERT INTO django_migrations VALUES(23,'sessions','0001_initial','2024-03-15 11:55:52.947529');
INSERT INTO django_migrations VALUES(24,'savingsandloans','0002_savings_customer_id_savingsitem_customer_id_and_more','2024-03-21 20:18:47.338135');
INSERT INTO django_migrations VALUES(25,'savingsandloans','0003_loan_payment_ref','2024-03-21 20:24:06.055084');
INSERT INTO django_migrations VALUES(26,'savingsandloans','0004_loan_balance','2024-03-21 20:28:03.282643');
CREATE TABLE IF NOT EXISTS "django_content_type" ("id" integer NOT NULL PRIMARY KEY AUTOINCREMENT, "app_label" varchar(100) NOT NULL, "model" varchar(100) NOT NULL);
INSERT INTO django_content_type VALUES(1,'admin','logentry');
INSERT INTO django_content_type VALUES(2,'auth','permission');
INSERT INTO django_content_type VALUES(3,'auth','group');
INSERT INTO django_content_type VALUES(4,'contenttypes','contenttype');
INSERT INTO django_content_type VALUES(5,'sessions','session');
INSERT INTO django_content_type VALUES(6,'authtoken','token');
INSERT INTO django_content_type VALUES(7,'authtoken','tokenproxy');
INSERT INTO django_content_type VALUES(8,'accounts','customuser');
INSERT INTO django_content_type VALUES(9,'accounts','communication');
INSERT INTO django_content_type VALUES(10,'savingsandloans','currency');
INSERT INTO django_content_type VALUES(11,'savingsandloans','item');
INSERT INTO django_content_type VALUES(12,'savingsandloans','customer');
INSERT INTO django_content_type VALUES(13,'savingsandloans','loan');
INSERT INTO django_content_type VALUES(14,'savingsandloans','paymentmethod');
INSERT INTO django_content_type VALUES(15,'savingsandloans','savings');
INSERT INTO django_content_type VALUES(16,'savingsandloans','savingsitem');
INSERT INTO django_content_type VALUES(17,'savingsandloans','payment');
CREATE TABLE IF NOT EXISTS "auth_group_permissions" ("id" integer NOT NULL PRIMARY KEY AUTOINCREMENT, "group_id" integer NOT NULL REFERENCES "auth_group" ("id") DEFERRABLE INITIALLY DEFERRED, "permission_id" integer NOT NULL REFERENCES "auth_permission" ("id") DEFERRABLE INITIALLY DEFERRED);
CREATE TABLE IF NOT EXISTS "auth_permission" ("id" integer NOT NULL PRIMARY KEY AUTOINCREMENT, "content_type_id" integer NOT NULL REFERENCES "django_content_type" ("id") DEFERRABLE INITIALLY DEFERRED, "codename" varchar(100) NOT NULL, "name" varchar(255) NOT NULL);
INSERT INTO auth_permission VALUES(1,1,'add_logentry','Can add log entry');
INSERT INTO auth_permission VALUES(2,1,'change_logentry','Can change log entry');
INSERT INTO auth_permission VALUES(3,1,'delete_logentry','Can delete log entry');
INSERT INTO auth_permission VALUES(4,1,'view_logentry','Can view log entry');
INSERT INTO auth_permission VALUES(5,2,'add_permission','Can add permission');
INSERT INTO auth_permission VALUES(6,2,'change_permission','Can change permission');
INSERT INTO auth_permission VALUES(7,2,'delete_permission','Can delete permission');
INSERT INTO auth_permission VALUES(8,2,'view_permission','Can view permission');
INSERT INTO auth_permission VALUES(9,3,'add_group','Can add group');
INSERT INTO auth_permission VALUES(10,3,'change_group','Can change group');
INSERT INTO auth_permission VALUES(11,3,'delete_group','Can delete group');
INSERT INTO auth_permission VALUES(12,3,'view_group','Can view group');
INSERT INTO auth_permission VALUES(13,4,'add_contenttype','Can add content type');
INSERT INTO auth_permission VALUES(14,4,'change_contenttype','Can change content type');
INSERT INTO auth_permission VALUES(15,4,'delete_contenttype','Can delete content type');
INSERT INTO auth_permission VALUES(16,4,'view_contenttype','Can view content type');
INSERT INTO auth_permission VALUES(17,5,'add_session','Can add session');
INSERT INTO auth_permission VALUES(18,5,'change_session','Can change session');
INSERT INTO auth_permission VALUES(19,5,'delete_session','Can delete session');
INSERT INTO auth_permission VALUES(20,5,'view_session','Can view session');
INSERT INTO auth_permission VALUES(21,6,'add_token','Can add Token');
INSERT INTO auth_permission VALUES(22,6,'change_token','Can change Token');
INSERT INTO auth_permission VALUES(23,6,'delete_token','Can delete Token');
INSERT INTO auth_permission VALUES(24,6,'view_token','Can view Token');
INSERT INTO auth_permission VALUES(25,7,'add_tokenproxy','Can add token');
INSERT INTO auth_permission VALUES(26,7,'change_tokenproxy','Can change token');
INSERT INTO auth_permission VALUES(27,7,'delete_tokenproxy','Can delete token');
INSERT INTO auth_permission VALUES(28,7,'view_tokenproxy','Can view token');
INSERT INTO auth_permission VALUES(29,8,'add_customuser','Can add custom user');
INSERT INTO auth_permission VALUES(30,8,'change_customuser','Can change custom user');
INSERT INTO auth_permission VALUES(31,8,'delete_customuser','Can delete custom user');
INSERT INTO auth_permission VALUES(32,8,'view_customuser','Can view custom user');
INSERT INTO auth_permission VALUES(33,9,'add_communication','Can add communication');
INSERT INTO auth_permission VALUES(34,9,'change_communication','Can change communication');
INSERT INTO auth_permission VALUES(35,9,'delete_communication','Can delete communication');
INSERT INTO auth_permission VALUES(36,9,'view_communication','Can view communication');
INSERT INTO auth_permission VALUES(37,10,'add_currency','Can add currency');
INSERT INTO auth_permission VALUES(38,10,'change_currency','Can change currency');
INSERT INTO auth_permission VALUES(39,10,'delete_currency','Can delete currency');
INSERT INTO auth_permission VALUES(40,10,'view_currency','Can view currency');
INSERT INTO auth_permission VALUES(41,11,'add_item','Can add item');
INSERT INTO auth_permission VALUES(42,11,'change_item','Can change item');
INSERT INTO auth_permission VALUES(43,11,'delete_item','Can delete item');
INSERT INTO auth_permission VALUES(44,11,'view_item','Can view item');
INSERT INTO auth_permission VALUES(45,12,'add_customer','Can add customer');
INSERT INTO auth_permission VALUES(46,12,'change_customer','Can change customer');
INSERT INTO auth_permission VALUES(47,12,'delete_customer','Can delete customer');
INSERT INTO auth_permission VALUES(48,12,'view_customer','Can view customer');
INSERT INTO auth_permission VALUES(49,13,'add_loan','Can add loan');
INSERT INTO auth_permission VALUES(50,13,'change_loan','Can change loan');
INSERT INTO auth_permission VALUES(51,13,'delete_loan','Can delete loan');
INSERT INTO auth_permission VALUES(52,13,'view_loan','Can view loan');
INSERT INTO auth_permission VALUES(53,14,'add_paymentmethod','Can add payment method');
INSERT INTO auth_permission VALUES(54,14,'change_paymentmethod','Can change payment method');
INSERT INTO auth_permission VALUES(55,14,'delete_paymentmethod','Can delete payment method');
INSERT INTO auth_permission VALUES(56,14,'view_paymentmethod','Can view payment method');
INSERT INTO auth_permission VALUES(57,15,'add_savings','Can add savings');
INSERT INTO auth_permission VALUES(58,15,'change_savings','Can change savings');
INSERT INTO auth_permission VALUES(59,15,'delete_savings','Can delete savings');
INSERT INTO auth_permission VALUES(60,15,'view_savings','Can view savings');
INSERT INTO auth_permission VALUES(61,16,'add_savingsitem','Can add savings item');
INSERT INTO auth_permission VALUES(62,16,'change_savingsitem','Can change savings item');
INSERT INTO auth_permission VALUES(63,16,'delete_savingsitem','Can delete savings item');
INSERT INTO auth_permission VALUES(64,16,'view_savingsitem','Can view savings item');
INSERT INTO auth_permission VALUES(65,17,'add_payment','Can add payment');
INSERT INTO auth_permission VALUES(66,17,'change_payment','Can change payment');
INSERT INTO auth_permission VALUES(67,17,'delete_payment','Can delete payment');
INSERT INTO auth_permission VALUES(68,17,'view_payment','Can view payment');
CREATE TABLE IF NOT EXISTS "auth_group" ("id" integer NOT NULL PRIMARY KEY AUTOINCREMENT, "name" varchar(150) NOT NULL UNIQUE);
CREATE TABLE IF NOT EXISTS "Users" ("id" integer NOT NULL PRIMARY KEY AUTOINCREMENT, "password" varchar(128) NOT NULL, "last_login" datetime NULL, "is_superuser" bool NOT NULL, "first_name" varchar(150) NOT NULL, "last_name" varchar(150) NOT NULL, "is_staff" bool NOT NULL, "is_active" bool NOT NULL, "date_joined" datetime NOT NULL, "phone_number" varchar(10) NULL UNIQUE, "username" varchar(15) NULL UNIQUE, "email" varchar(50) NOT NULL UNIQUE, "created_at" datetime NOT NULL, "updated_at" datetime NOT NULL);
INSERT INTO Users VALUES(1,'pbkdf2_sha256$720000$shSlhALCUmClXWWF5cs3Vo$E4zJ1EoyuSGji0c7OhWWhAMwBWPG98gvvZGbU/vXcw8=','2024-03-21 09:27:02.460053',1,'','',1,1,'2024-03-15 12:00:53.822837','0729165447',NULL,'sammymaiko721@gmail.com','2024-03-15 12:00:55.158015','2024-03-15 12:00:55.158015');
CREATE TABLE IF NOT EXISTS "Users_groups" ("id" integer NOT NULL PRIMARY KEY AUTOINCREMENT, "customuser_id" bigint NOT NULL REFERENCES "Users" ("id") DEFERRABLE INITIALLY DEFERRED, "group_id" integer NOT NULL REFERENCES "auth_group" ("id") DEFERRABLE INITIALLY DEFERRED);
CREATE TABLE IF NOT EXISTS "Users_user_permissions" ("id" integer NOT NULL PRIMARY KEY AUTOINCREMENT, "customuser_id" bigint NOT NULL REFERENCES "Users" ("id") DEFERRABLE INITIALLY DEFERRED, "permission_id" integer NOT NULL REFERENCES "auth_permission" ("id") DEFERRABLE INITIALLY DEFERRED);
CREATE TABLE IF NOT EXISTS "Communications" ("id" integer NOT NULL PRIMARY KEY AUTOINCREMENT, "communication_type" varchar(20) NOT NULL, "timestamp" datetime NOT NULL, "message" text NOT NULL, "user_id" bigint NOT NULL REFERENCES "Users" ("id") DEFERRABLE INITIALLY DEFERRED);
CREATE TABLE IF NOT EXISTS "django_admin_log" ("id" integer NOT NULL PRIMARY KEY AUTOINCREMENT, "object_id" text NULL, "object_repr" varchar(200) NOT NULL, "action_flag" smallint unsigned NOT NULL CHECK ("action_flag" >= 0), "change_message" text NOT NULL, "content_type_id" integer NULL REFERENCES "django_content_type" ("id") DEFERRABLE INITIALLY DEFERRED, "user_id" bigint NOT NULL REFERENCES "Users" ("id") DEFERRABLE INITIALLY DEFERRED, "action_time" datetime NOT NULL);
INSERT INTO django_admin_log VALUES(1,'1','KES',1,'[{"added": {}}]',10,1,'2024-03-15 12:06:01.005018');
INSERT INTO django_admin_log VALUES(2,'1','Mpesa payment method',1,'[{"added": {}}]',14,1,'2024-03-15 12:06:04.108565');
INSERT INTO django_admin_log VALUES(3,'1','None''s loan 1 of Kshs.2000',1,'[{"added": {}}]',13,1,'2024-03-17 08:07:53.058915');
INSERT INTO django_admin_log VALUES(4,'2','None''s loan 2 of Kshs.1000',1,'[{"added": {}}]',13,1,'2024-03-17 08:08:09.177736');
INSERT INTO django_admin_log VALUES(5,'3','None''s loan 3 of Kshs.3000',1,'[{"added": {}}]',13,1,'2024-03-17 08:12:28.049939');
INSERT INTO django_admin_log VALUES(6,'4','None''s loan 4 of Kshs.500',1,'[{"added": {}}]',13,1,'2024-03-17 08:12:44.122226');
INSERT INTO django_admin_log VALUES(7,'5','None''s loan 5 of Kshs.3000',1,'[{"added": {}}]',13,1,'2024-03-17 08:13:00.951022');
INSERT INTO django_admin_log VALUES(8,'9','None''s loan 9 of Kshs.2500.00',2,'[{"changed": {"fields": ["Amount"]}}]',13,1,'2024-03-21 13:35:26.637992');
INSERT INTO django_admin_log VALUES(9,'9','None''s loan 9 of Kshs.2000.00',2,'[{"changed": {"fields": ["Amount"]}}]',13,1,'2024-03-21 13:36:17.057429');
INSERT INTO django_admin_log VALUES(10,'10','None''s loan 10 of Kshs.500',1,'[{"added": {}}]',13,1,'2024-03-21 13:37:40.962694');
INSERT INTO django_admin_log VALUES(11,'11','None''s loan 11 of Kshs.500',1,'[{"added": {}}]',13,1,'2024-03-21 13:38:01.769873');
INSERT INTO django_admin_log VALUES(12,'12','None''s loan 12 of Kshs.1000',1,'[{"added": {}}]',13,1,'2024-03-21 13:38:28.976286');
CREATE TABLE IF NOT EXISTS "authtoken_token" ("key" varchar(40) NOT NULL PRIMARY KEY, "created" datetime NOT NULL, "user_id" bigint NOT NULL UNIQUE REFERENCES "Users" ("id") DEFERRABLE INITIALLY DEFERRED);
INSERT INTO authtoken_token VALUES('6ed9c66907e3ddca1a9a00df5dfeadac2592c3a1','2024-03-15 12:00:55.177002',1);
CREATE TABLE IF NOT EXISTS "Currencies" ("id" integer NOT NULL PRIMARY KEY AUTOINCREMENT, "code" varchar(3) NOT NULL UNIQUE, "name" varchar(100) NOT NULL);
INSERT INTO Currencies VALUES(1,'KES','Kenyan Shillings');
CREATE TABLE IF NOT EXISTS "Items" ("id" integer NOT NULL PRIMARY KEY AUTOINCREMENT, "name" varchar(255) NOT NULL, "loan_count" integer NOT NULL, "price" decimal NOT NULL, "description" text NULL, "in_stock" bool NOT NULL, "image" varchar(100) NULL);
INSERT INTO Items VALUES(1,'Coding setup',0,220000,'An item called Coding setup',1,'');
CREATE TABLE IF NOT EXISTS "Customer" ("id" integer NOT NULL PRIMARY KEY AUTOINCREMENT, "account_number" varchar(20) NOT NULL, "id_number" varchar(8) NOT NULL, "county" varchar(100) NULL, "loan_owed" decimal NOT NULL, "loan_limit" decimal NOT NULL, "trust_score" decimal NOT NULL, "created_at" datetime NOT NULL, "updated_at" datetime NOT NULL, "user_id" bigint NOT NULL UNIQUE REFERENCES "Users" ("id") DEFERRABLE INITIALLY DEFERRED);
INSERT INTO Customer VALUES(1,'','',NULL,2100,8000,0,'2024-03-15 12:00:55.207984','2024-03-21 13:45:02.476372',1);
CREATE TABLE IF NOT EXISTS "Payment_Methods" ("id" integer NOT NULL PRIMARY KEY AUTOINCREMENT, "name" varchar(30) NOT NULL, "description" text NOT NULL, "icon" varchar(100) NULL, "active" bool NOT NULL, "payment_gateway" varchar(50) NOT NULL, "created_at" datetime NOT NULL, "updated_at" datetime NOT NULL);
INSERT INTO Payment_Methods VALUES(1,'Mpesa','Safaricom ltd','',1,'gateway','2024-03-15 12:06:04.099574','2024-03-15 12:06:04.099574');
CREATE TABLE IF NOT EXISTS "Payment_Methods_currency" ("id" integer NOT NULL PRIMARY KEY AUTOINCREMENT, "paymentmethod_id" bigint NOT NULL REFERENCES "Payment_Methods" ("id") DEFERRABLE INITIALLY DEFERRED, "currency_id" bigint NOT NULL REFERENCES "Currencies" ("id") DEFERRABLE INITIALLY DEFERRED);
INSERT INTO Payment_Methods_currency VALUES(1,1,1);
CREATE TABLE IF NOT EXISTS "Savings_Items" ("id" integer NOT NULL PRIMARY KEY AUTOINCREMENT, "target_amount" decimal NOT NULL, "amount_saved" decimal NOT NULL, "start_date" date NOT NULL, "due_date" date NULL, "achieved" bool NOT NULL, "in_progress" bool NOT NULL, "saving_period" integer NOT NULL, "is_suspended" bool NOT NULL, "item_id" bigint NOT NULL REFERENCES "Items" ("id") DEFERRABLE INITIALLY DEFERRED, "savings_id" bigint NOT NULL REFERENCES "Savings_Accounts" ("id") DEFERRABLE INITIALLY DEFERRED, "customer_id" integer NULL, "payment_ref" varchar(25) NULL);
INSERT INTO Savings_Items VALUES(1,220000,224000,'2024-03-15','2024-06-13',1,1,90,0,1,1,NULL,NULL);
CREATE TABLE IF NOT EXISTS "Savings_Accounts" ("id" integer NOT NULL PRIMARY KEY AUTOINCREMENT, "amount_saved" decimal NOT NULL, "created_at" datetime NOT NULL, "updated_at" datetime NOT NULL, "user_id" bigint NOT NULL UNIQUE REFERENCES "Users" ("id") DEFERRABLE INITIALLY DEFERRED, "customer_id" integer NULL);
INSERT INTO Savings_Accounts VALUES(1,224000,'2024-03-15 12:00:55.192991','2024-03-15 12:24:17.648622',1,NULL);
CREATE TABLE IF NOT EXISTS "Payments" ("id" integer NOT NULL PRIMARY KEY AUTOINCREMENT, "amount" decimal NOT NULL, "type" varchar(50) NOT NULL, "transaction_id" varchar(100) NULL, "payment_ref" varchar(100) NULL, "status" varchar(50) NOT NULL, "payment_date" datetime NOT NULL, "receiving_till" varchar(15) NULL, "receiving_number" varchar(15) NULL, "customer_id" bigint NOT NULL REFERENCES "Customer" ("id") DEFERRABLE INITIALLY DEFERRED, "loan_id" bigint NULL REFERENCES "Loans" ("id") DEFERRABLE INITIALLY DEFERRED, "payment_method_id" bigint NULL REFERENCES "Payment_Methods" ("id") DEFERRABLE INITIALLY DEFERRED, "savings_id" bigint NULL REFERENCES "Savings_Accounts" ("id") DEFERRABLE INITIALLY DEFERRED, "savings_item_id" bigint NULL REFERENCES "Savings_Items" ("id") DEFERRABLE INITIALLY DEFERRED);
INSERT INTO Payments VALUES(1,1000,'Savings Deposit','','','completed','2024-03-15 12:06:21.598494',NULL,NULL,1,NULL,1,NULL,1);
INSERT INTO Payments VALUES(2,1000,'Savings Deposit','','','completed','2024-03-15 12:22:18.692502',NULL,NULL,1,NULL,1,NULL,1);
INSERT INTO Payments VALUES(3,2000,'Savings Deposit','','','completed','2024-03-15 12:24:17.665612',NULL,NULL,1,NULL,1,NULL,1);
INSERT INTO Payments VALUES(4,1000,'Loan Disbursement','','','completed','2024-03-21 09:27:45.673176',NULL,NULL,1,6,1,NULL,NULL);
INSERT INTO Payments VALUES(5,900,'Loan Repayment','','','completed','2024-03-21 09:39:53.549849',NULL,NULL,1,6,1,NULL,NULL);
INSERT INTO Payments VALUES(6,100,'Loan Repayment','','','completed','2024-03-21 09:40:38.020291',NULL,NULL,1,6,1,NULL,NULL);
INSERT INTO Payments VALUES(7,2000,'Loan Repayment','','','completed','2024-03-21 09:40:38.064266',NULL,NULL,1,1,1,NULL,NULL);
INSERT INTO Payments VALUES(8,1000,'Loan Repayment','','','completed','2024-03-21 09:40:38.125229',NULL,NULL,1,2,1,NULL,NULL);
INSERT INTO Payments VALUES(9,3000,'Loan Repayment','','','completed','2024-03-21 09:40:38.188189',NULL,NULL,1,3,1,NULL,NULL);
INSERT INTO Payments VALUES(10,500,'Loan Repayment','','','completed','2024-03-21 09:40:38.249663',NULL,NULL,1,4,1,NULL,NULL);
INSERT INTO Payments VALUES(11,3000,'Loan Repayment','','','completed','2024-03-21 09:40:38.298631',NULL,NULL,1,5,1,NULL,NULL);
INSERT INTO Payments VALUES(12,1000,'Loan Disbursement','','','completed','2024-03-21 09:41:19.726428',NULL,NULL,1,7,1,NULL,NULL);
INSERT INTO Payments VALUES(13,900,'Loan Repayment','','','completed','2024-03-21 09:41:59.949902',NULL,NULL,1,7,1,NULL,NULL);
INSERT INTO Payments VALUES(14,90,'Loan Repayment','','','completed','2024-03-21 09:42:13.625223',NULL,NULL,1,7,1,NULL,NULL);
INSERT INTO Payments VALUES(15,2000,'Loan Disbursement','','','completed','2024-03-21 09:45:39.562718',NULL,NULL,1,8,1,NULL,NULL);
INSERT INTO Payments VALUES(16,2000,'Loan Disbursement','','','completed','2024-03-21 12:10:17.927402',NULL,NULL,1,9,1,NULL,NULL);
INSERT INTO Payments VALUES(17,10,'Loan Repayment','','','pending','2024-03-21 13:39:19.676392',NULL,NULL,1,7,1,NULL,NULL);
INSERT INTO Payments VALUES(18,2000,'Loan Repayment','','','completed','2024-03-21 13:40:21.371121',NULL,NULL,1,8,1,NULL,NULL);
INSERT INTO Payments VALUES(19,500,'Loan Repayment','','','completed','2024-03-21 13:40:44.614803',NULL,NULL,1,9,1,NULL,NULL);
INSERT INTO Payments VALUES(20,500,'Loan Disbursement','','','completed','2024-03-21 13:42:27.315730',NULL,NULL,1,13,1,NULL,NULL);
INSERT INTO Payments VALUES(21,1500,'Loan Repayment','','','completed','2024-03-21 13:45:02.376435',NULL,NULL,1,9,1,NULL,NULL);
INSERT INTO Payments VALUES(22,400,'Loan Repayment','','','completed','2024-03-21 13:45:02.443393',NULL,NULL,1,10,1,NULL,NULL);
CREATE TABLE IF NOT EXISTS "django_session" ("session_key" varchar(40) NOT NULL PRIMARY KEY, "session_data" text NOT NULL, "expire_date" datetime NOT NULL);
INSERT INTO django_session VALUES('2uopkcw2kdyho3sia9jap781msw5yci2','.eJxVizsOAiEQQO9CbTYMzvCx9ATegAwDBGPCJrJUG--uJlto-z67ijy3Fucoz3jP6qJAnX5ZYnmU_hUsss6-jeVAY7m1tZfrEfxdjUf7LAG9rkaDdWeUbDwErSFZKd6Q2JpM9mgBkVIAx67oGggIwWfCnIjV6w0UMDKo:1rl6Fz:A6pGAsdW0e2twBbaB1mdY0XRWSV4VWpGOFVpFmBFK9g','2024-03-29 12:01:51.158438');
INSERT INTO django_session VALUES('kak3s0ooyugzqdx0982zqz95x75776rf','.eJxVjMsOwiAQRf-FtSEMDi-X7vsNBBiQqoGktCvjv2uTLnR7zzn3xXzY1uq3kRc_E7swYKffLYb0yG0HdA_t1nnqbV3myHeFH3TwqVN-Xg_376CGUb-1QyuKFKDNGRNJC04IiDplK1XSJUqyqAFRRQcmmCyKU6AQLCmkqAJ7fwCsOzax:1rl6JR:d_JOSQBlCTVjcUE0z8S8O1A__Kp73xOrBEv8SvjHTQc','2024-03-29 12:05:25.360439');
INSERT INTO django_session VALUES('mkdr7yk85quzfvdd4ie3kb61hnosetnb','.eJxVizsOAiEQQO9CbTYMzvCx9ATegAwDBGPCJrJUG--uJlto-z67ijy3Fucoz3jP6qJAnX5ZYnmU_hUsss6-jeVAY7m1tZfrEfxdjUf7LAG9rkaDdWeUbDwErSFZKd6Q2JpM9mgBkVIAx67oGggIwWfCnIjV6w0UMDKo:1rnEeo:IWrN74HCIhmYxL0QXzkqUATjQ3v1OlKTisMKo2xYcSg','2024-04-04 09:24:18.923110');
INSERT INTO django_session VALUES('yz7i4gjnapp6e64vtboxfvk98xvwptk5','.eJxVjMsOwiAQRf-FtSEMDi-X7vsNBBiQqoGktCvjv2uTLnR7zzn3xXzY1uq3kRc_E7swYKffLYb0yG0HdA_t1nnqbV3myHeFH3TwqVN-Xg_376CGUb-1QyuKFKDNGRNJC04IiDplK1XSJUqyqAFRRQcmmCyKU6AQLCmkqAJ7fwCsOzax:1rnEhS:0O8k0WPR9CTAD9m366ZJ_HYVCRdYhSu-m_0ZFTZPYoU','2024-04-04 09:27:02.487037');
CREATE TABLE IF NOT EXISTS "Loans" ("id" integer NOT NULL PRIMARY KEY AUTOINCREMENT, "amount" decimal NOT NULL, "amount_disbursed" decimal NULL, "deduction_rate" decimal NOT NULL, "loan_duration" integer NOT NULL, "application_date" date NOT NULL, "approval_date" date NULL, "due_date" date NULL, "repaid_amount" decimal NOT NULL, "is_approved" bool NOT NULL, "is_active" bool NOT NULL, "is_disbursed" bool NOT NULL, "default_days" integer NOT NULL, "default_rate" decimal NOT NULL, "created_at" datetime NOT NULL, "updated_at" datetime NOT NULL, "user_id" bigint NOT NULL REFERENCES "Users" ("id") DEFERRABLE INITIALLY DEFERRED, "payment_ref" varchar(25) NULL, "balance" real NOT NULL);
INSERT INTO Loans VALUES(1,2000,1900,5,90,'2024-03-17',NULL,'2024-06-15',2000,0,0,1,0,5,'2024-03-17 08:07:53.012939','2024-03-21 09:40:38.078257',1,NULL,0.0);
INSERT INTO Loans VALUES(2,1000,950,5,90,'2024-03-17',NULL,'2024-06-15',1000,0,0,1,0,5,'2024-03-17 08:08:09.172740','2024-03-21 09:40:38.142217',1,NULL,0.0);
INSERT INTO Loans VALUES(3,3000,2850,5,90,'2024-03-17',NULL,'2024-06-15',3000,0,0,1,0,5,'2024-03-17 08:12:28.021963','2024-03-21 09:40:38.204179',1,NULL,0.0);
INSERT INTO Loans VALUES(4,500,475,5,90,'2024-03-17',NULL,'2024-06-15',500,0,0,1,0,5,'2024-03-17 08:12:44.105238','2024-03-21 09:40:38.261655',1,NULL,0.0);
INSERT INTO Loans VALUES(5,3000,2850,5,90,'2024-03-17',NULL,'2024-06-15',3000,0,0,1,0,5,'2024-03-17 08:13:00.946028','2024-03-21 09:40:38.308626',1,NULL,0.0);
INSERT INTO Loans VALUES(6,1000,950,5,90,'2024-03-21','2024-03-21','2024-06-19',1000,1,0,1,0,5,'2024-03-21 09:27:45.637199','2024-03-21 09:40:38.031287',1,NULL,0.0);
INSERT INTO Loans VALUES(7,1000,950,5,90,'2024-03-21','2024-03-21','2024-06-19',1000,1,0,1,0,5,'2024-03-21 09:41:19.697445','2024-03-21 13:39:19.697379',1,NULL,0.0);
INSERT INTO Loans VALUES(8,2000,1900,5,90,'2024-03-21','2024-03-21','2024-06-19',2000,1,0,1,0,5,'2024-03-21 09:45:39.526741','2024-03-21 13:40:21.381114',1,NULL,0.0);
INSERT INTO Loans VALUES(9,2000,1900,5,90,'2024-03-21','2024-03-21','2024-06-19',2000,1,0,1,0,5,'2024-03-21 12:10:17.843453','2024-03-21 13:45:02.391424',1,NULL,0.0);
INSERT INTO Loans VALUES(10,500,475,5,90,'2024-03-21',NULL,'2024-06-19',400,0,1,1,0,5,'2024-03-21 13:37:40.931710','2024-03-21 13:45:02.460382',1,NULL,0.0);
INSERT INTO Loans VALUES(11,500,475,5,90,'2024-03-21',NULL,'2024-06-19',0,0,1,0,0,5,'2024-03-21 13:38:01.756885','2024-03-21 13:38:01.756885',1,NULL,0.0);
INSERT INTO Loans VALUES(12,1000,950,5,90,'2024-03-21',NULL,'2024-06-19',0,0,1,0,0,5,'2024-03-21 13:38:28.958297','2024-03-21 13:38:28.958297',1,NULL,0.0);
INSERT INTO Loans VALUES(13,500,475,5,90,'2024-03-21','2024-03-21','2024-06-19',0,1,1,1,0,5,'2024-03-21 13:42:27.251769','2024-03-21 13:42:27.325725',1,NULL,0.0);
DELETE FROM sqlite_sequence;
INSERT INTO sqlite_sequence VALUES('django_migrations',26);
INSERT INTO sqlite_sequence VALUES('django_content_type',17);
INSERT INTO sqlite_sequence VALUES('auth_permission',68);
INSERT INTO sqlite_sequence VALUES('auth_group',0);
INSERT INTO sqlite_sequence VALUES('django_admin_log',12);
INSERT INTO sqlite_sequence VALUES('Savings_Accounts',1);
INSERT INTO sqlite_sequence VALUES('Users',1);
INSERT INTO sqlite_sequence VALUES('Customer',1);
INSERT INTO sqlite_sequence VALUES('Items',1);
INSERT INTO sqlite_sequence VALUES('Savings_Items',1);
INSERT INTO sqlite_sequence VALUES('Currencies',1);
INSERT INTO sqlite_sequence VALUES('Payment_Methods',1);
INSERT INTO sqlite_sequence VALUES('Payment_Methods_currency',1);
INSERT INTO sqlite_sequence VALUES('Payments',22);
INSERT INTO sqlite_sequence VALUES('Loans',13);
CREATE UNIQUE INDEX "django_content_type_app_label_model_76bd3d3b_uniq" ON "django_content_type" ("app_label", "model");
CREATE UNIQUE INDEX "auth_group_permissions_group_id_permission_id_0cd325b0_uniq" ON "auth_group_permissions" ("group_id", "permission_id");
CREATE INDEX "auth_group_permissions_group_id_b120cbf9" ON "auth_group_permissions" ("group_id");
CREATE INDEX "auth_group_permissions_permission_id_84c5c92e" ON "auth_group_permissions" ("permission_id");
CREATE UNIQUE INDEX "auth_permission_content_type_id_codename_01ab375a_uniq" ON "auth_permission" ("content_type_id", "codename");
CREATE INDEX "auth_permission_content_type_id_2f476e4b" ON "auth_permission" ("content_type_id");
CREATE UNIQUE INDEX "Users_groups_customuser_id_group_id_58b380ea_uniq" ON "Users_groups" ("customuser_id", "group_id");
CREATE INDEX "Users_groups_customuser_id_79b5ce10" ON "Users_groups" ("customuser_id");
CREATE INDEX "Users_groups_group_id_2ddde7ed" ON "Users_groups" ("group_id");
CREATE UNIQUE INDEX "Users_user_permissions_customuser_id_permission_id_6fd8bfec_uniq" ON "Users_user_permissions" ("customuser_id", "permission_id");
CREATE INDEX "Users_user_permissions_customuser_id_49b115f6" ON "Users_user_permissions" ("customuser_id");
CREATE INDEX "Users_user_permissions_permission_id_7995fa19" ON "Users_user_permissions" ("permission_id");
CREATE INDEX "Communications_user_id_be159c00" ON "Communications" ("user_id");
CREATE INDEX "django_admin_log_content_type_id_c4bce8eb" ON "django_admin_log" ("content_type_id");
CREATE INDEX "django_admin_log_user_id_c564eba6" ON "django_admin_log" ("user_id");
CREATE UNIQUE INDEX "Payment_Methods_currency_paymentmethod_id_currency_id_28fd09eb_uniq" ON "Payment_Methods_currency" ("paymentmethod_id", "currency_id");
CREATE INDEX "Payment_Methods_currency_paymentmethod_id_ae469c3d" ON "Payment_Methods_currency" ("paymentmethod_id");
CREATE INDEX "Payment_Methods_currency_currency_id_a622c209" ON "Payment_Methods_currency" ("currency_id");
CREATE UNIQUE INDEX "Savings_Items_savings_id_item_id_ebda0a17_uniq" ON "Savings_Items" ("savings_id", "item_id");
CREATE INDEX "Savings_Items_item_id_00a3b141" ON "Savings_Items" ("item_id");
CREATE INDEX "Savings_Items_savings_id_247973b0" ON "Savings_Items" ("savings_id");
CREATE INDEX "Payments_customer_id_37b7a917" ON "Payments" ("customer_id");
CREATE INDEX "Payments_loan_id_b3585b42" ON "Payments" ("loan_id");
CREATE INDEX "Payments_payment_method_id_acb23867" ON "Payments" ("payment_method_id");
CREATE INDEX "Payments_savings_id_6b3c710a" ON "Payments" ("savings_id");
CREATE INDEX "Payments_savings_item_id_651dd595" ON "Payments" ("savings_item_id");
CREATE INDEX "django_session_expire_date_a5c62663" ON "django_session" ("expire_date");
CREATE INDEX "Loans_user_id_6b3a5a63" ON "Loans" ("user_id");
COMMIT;
